leader,vote,name,Sc,Sc_p,R-Sc,R-Sc_p,slots,Sc_p_lb,Sc_p_ub,Sc_p_flag,Sc_lb,Sc_ub,Sc_flag,dontfront_violations
8BwV97uHgQEFYGVhMxcrUuNZ7rzhpiiHJNAThvCX4zv3,,"",0.6471994535519127,0.34767759562841527,157.91666666666669,84.83333333333333,244,0.24113289412602312,0.4720172238075464,true,-0.018195164302242307,0.047613815095893096,true,197
FimxwskHym6UxYbPyTNovPKqnaHnUuSDDXangz7ysUmQ,,"",0.5074046184738956,0.329066265060241,336.9166666666667,218.50000000000003,664,0.26262415382993876,0.4031279719894726,true,-0.0052371439262437775,0.03465579471989457,true,396
BiF9ZbQht1TgHwWEcrbMQFt37aLEPpNvXWAyd7SuqhpR,HymVLhdKah8BrZj4FAXJJYH8nhWGqjqvFvPFJM5L5VNa,"SHP",0.4103535353535353,0.30113636363636365,54.16666666666666,39.75,132,0.17303830817282184,0.4701506573599672,true,-0.030027288305680612,0.0594459390993314,true,68
8f8ictfTPjKtJcn8Av8jfqh7uvU3UbDtsreADQTbB1No,,"",0.38665902140672787,0.27303134556574926,337.1666666666667,238.08333333333334,872,0.2185804268395484,0.3352275364638903,true,-0.0026963880993412705,0.03211503889299206,true,412
HNz9KC2vFPfC7TPmNtzh7nCDWDBYTLpCbmn5QD2UYX9u,4gg56BTsCSEXW3CLw7BuT31x3ptEjSz6aeVE1Xjby22R,"pro100invest",0.3591209349593496,0.2720189701897019,706.75,535.3333333333334,1968,0.2348426018662876,0.3126755641943818,true,0.003123218635466425,0.02629543215818437,true,929
JACKALkk85FyW2RCbPbMUgZXe8BECS3fjEX64ESFNSp3,JACKAL92c9YbzNqkJR1XUNAC2uZQNNNVFnRbsZMBEwH8,"Jackal",0.33749999999999997,0.2638888888888889,20.249999999999996,15.833333333333334,60,0.10799578421884476,0.5149137744597678,true,-0.05164579597483623,0.08106444676848702,true,23
6k8XrwBQhS3LcMGDte72JbBCXH6VGWqpPDJm5Z8w9Aty,,"",0.3893008474576271,0.2635063559322034,367.5,248.75,944,0.21177081556636673,0.322706389229468,true,-0.00201944713553597,0.03143809792918676,true,499
7pnQN2YLCzVr94XHEwC6dCJpBLANhad4sbXwsZMbPnF3,,"",0.3392229254571027,0.2529008438818566,321.58333333333337,239.75000000000003,948,0.20215366063325274,0.31141487282869756,true,-0.0019841170590717983,0.03140276785272259,true,341
4o2TxN5RNxjiLvEbK56ZyaZ1bg3ZTgaTLpPRqi8vEkRS,8guXF5HQVU4g71ZCnn6aEJxQyb59NaEc4XCGjF5arsiH,"BLOCKPRIME üí†",0.33884803921568635,0.2524509803921569,46.08333333333334,34.33333333333334,136,0.13754613266478305,0.4169410897979508,true,-0.029364487017097034,0.05878313781074782,true,58
rubi69KY2Nvmjc1aKiUkUkjDNdBJgExCmndcC8xLody,tra6iWoZRjVxLoBMtafHWX7ZkoXCPRKf5r66fSc2fu5,"",0.31886574074074076,0.2482638888888889,45.91666666666667,35.75,144,0.13683841301605762,0.4075784460815015,true,-0.028122721271177493,0.05754137206482828,true,63
3fnhNULLwi3BEyFUVS3qAqPjwegsNDTr3k7C8GxFbmau,CtombV3RrUSMKJEjnhTALqFTxKg4uLmYzRex348LRxSH,"TiTo Validator",0.2981242312423124,0.2359317343173432,646.3333333333333,511.50000000000006,2168,0.20236159723141414,0.27316368835478816,true,0.00367056176347463,0.025748089030176162,true,928
GPt2TFT3bNXSEXqsjdreW9eryC1opPUw3iah9VeW1xYn,,"",0.28514168530947054,0.22222222222222227,509.8333333333333,397.3333333333334,1788,0.18639171909194127,0.26271642093202796,true,0.002554007655018172,0.02686464313863262,true,469
4J9HoqBamEDyEKGDZgeRjCpiGCirHzqP1CadWmznrghF,Cqg1VwU4pdC8zAYMZZUViJuy1v1G8vxdYeUW3UNCqpfV,"SolGeo ü™ê",0.27429302045728043,0.21953971119133578,303.91666666666674,243.25000000000006,1108,0.1751169007942986,0.2715221440274012,true,-0.0007318441946523434,0.030150494988303134,true,407
DARHT2kULrSdWzL4Fc4hs28s4pfMa4aB92631AHUJkV1,32w46YEh1WSMZPBLA57DzAYL4N1f66XtbJQCkhWnATFQ,"Tyraen",0.2723847517730497,0.2180112293144208,307.25000000000006,245.91666666666666,1128,0.1740863286808985,0.26940396976021236,true,-0.0005943421726501766,0.03001299296630097,true,414
BrHkKTdfk7THE9p7mfEW9VKwxKXSZUCWQw4RLQwPWHEx,,"",0.26222363945578236,0.2173681972789116,205.58333333333337,170.41666666666669,784,0.16570457779639391,0.27973865642345785,true,-0.0036472660323186978,0.03306591682596949,true,267
8ypigreunb34pCiQRqZzQoie2ej5prAjovUq7sHB6gMZ,DsT3eKbWAaX9wVZQYBsbkDwpFA9NTDtXfsYc9wXUEWpn,"vilar",0.2700268817204301,0.21565860215053764,334.8333333333333,267.4166666666667,1240,0.17379228985802225,0.2643831186610382,true,0.00011314472275651515,0.02930550607089428,true,479
ALxZnHDetfXHaTZWB7Xwn2WHpbvNPYz5b4zLRsfFvpUb,63mj5NgxsJigb6GEc4KVMsydnM4fQ8qg5ujU57puT154,"Dancing Dolphin Validator",0.2716346153846154,0.2148771367521368,169.50000000000003,134.08333333333337,624,0.15806050250952292,0.28519892786981005,true,-0.005866524273096514,0.035285175066747304,true,210
EQeqPLb2K12vJKVuSoemdwKstxUYub5fzzHSQew4ggMg,,"",0.2821072319201995,0.20932044887780552,452.5,335.75000000000006,1604,0.1726090713958608,0.25146673579826007,true,0.001875743360247534,0.027542907433403256,true,371
3uvCCYvLnxU1QsP3d9NXBLQyrAPiLeKfN6iTUbZdhnNM,CS8DoKUL3nXeyVbg8arD8TBZTym4U5ijgCf9uZHGqZET,"Dark74",0.2542828106852497,0.20506678281068527,583.8333333333334,470.83333333333337,2296,0.1742663715668533,0.23973050266800713,true,0.003982674879048598,0.025435975914602192,true,807
23j3TXtLzh8fA7GkCvTs2qgfe1yYmhEPV8wGCYDkL3Ry,LvmTxRZAwJBtPuTSWU25UQBQu9N8TnsJJDemusfDDXB,"Danil R. 0% fee",0.24204545454545456,0.20265151515151517,53.25000000000001,44.583333333333336,220,0.1180230639247294,0.3255630269527016,true,-0.019943506570278664,0.04936215736392945,true,80
4e2KvSCgot2RGXsExfY48NdfykQSjgozV5FAXv13bUn1,9y1fMDRdYaYbCSWEv3sivjns4Sc7eDW8wFQYT1DnCsQa,"üöÄKlamenzuiü•©0% Fees ‚Ä¢ MEV ‚Ä¢ 100% Yoursüî•",0.23645833333333335,0.2010416666666667,75.66666666666667,64.33333333333334,320,0.1283061652096984,0.30078253098678304,true,-0.014023284992703949,0.04344193578635474,true,126
rmnh7A7y6LuSPph6x9JxNN1dzLZ1NoXSMGBemMJMwZZ,yrfQfUfsZechz1zqQyTRRz43czTZQidcrm4SNVWiDPi,"romanh",0.2907986111111111,0.19791666666666669,27.916666666666664,19,96,0.08637160473207756,0.39174860873167056,true,-0.03774900409101635,0.06716765488466714,true,41
4b1onMDEasBh4BuPekQWijx3BYR64hAE1z2jJyeZUkck,6anBvYWGwkkZPAaPF6BmzF6LUPfP2HFVhQUAWckKH9LZ,"4BLOCK 0% Fee + Jito All MEV",0.24017018779342722,0.19058098591549297,545.6666666666666,433,2272,0.16061136868665307,0.22464619078192286,true,0.0039261688663808445,0.025492481927269946,true,707
custm2hZdfZKpL5xGCUpShF23h7uXFVtL6fK7r5Ca7g,5ni6KoVM62cRJNfFFKGdiyDfYbKWWAGZ21cfGZcj1y66,"Custodian üíº 0% fees +MEV!",0.21688988095238093,0.1875,48.58333333333333,42,224,0.10710949514483169,0.3074513107032715,true,-0.019632712561598716,0.049051363355249504,true,49
8JpfpVyew5Y9cLQCHkt5gqT4vDZLL46ZknMbSThVjzrg,DUCKsGEPEdNv9QeskPNwoJdWgAXjxUFrkNDEKjAnLWyY,"ARCHER 0% commission + MEV",0.20006944444444444,0.18034722222222221,240.08333333333331,216.41666666666666,1200,0.14123331314801232,0.22742482764643837,true,-0.00012813080740305127,0.029546781601053843,true,300
7XCbYkANgiqgCoevBmJMAwYqD4iuKzNEJjd2XtF5QExp,AUTnPgB8m6qsctP9RRAcmnVrLSpZbBYB8nQAzYUN5j8q,"Dima_FantomasUA",0.2086120401337793,0.17635172798216275,249.50000000000003,210.91666666666666,1196,0.13759819639551094,0.2231951283168939,true,-0.00015292189604315318,0.029571572689693945,true,318
MRGSoA53J7i4WidVHTxawPyKdr26LdVYCywnrUZ6auT,CzmqDuqEpfnkptuLAcikmJrhCnhFXo8aUBj6Rto1SPAc,"MARGUS.ONE üíé 0% fee +MEV!",0.2074468085106383,0.17575354609929078,78,66.08333333333333,376,0.11238330197405132,0.26421999279453334,true,-0.011797404375650406,0.0412160551693012,true,94
AptafqHRpGk3KCQrGtuPGuPvWMuPc4N15X7NN7VUsfbd,3FLezD8GJgnawEHhZcsjdPxZVar9FzqEdViusQ5ZdSwe,"Hohla",0.20664778856526425,0.16248651564185546,255.4166666666666,200.83333333333334,1236,0.1257890568782857,0.2073506952783555,true,0.0000895453853186675,0.029329105408332126,true,351
CHED86J97RCtt8HxhNxvUSQWPqFsiftNpWWQd9HZvqvw,CHED3EkUPk4jGB3JHhgzDQF1LgU3BfHk3KRDk9umGync,"",0.23555555555555557,0.16027777777777777,70.66666666666667,48.08333333333333,300,0.09455356592978455,0.258637192389635,true,-0.014965587011631499,0.04438423780528229,true,94
A4fxKaaNPBCaMwqKyhHxoWKJ5ybgvmmwTQmNmGtt2aoC,9esjPxaUdD7yg4yDrBkP3jLipcAGVjpLDXsddF89avzW,"Valera",0.2113486842105263,0.15405701754385964,64.25,46.83333333333333,304,0.09015021190243504,0.2507800857141033,true,-0.014769710861728699,0.04418836165537949,true,101
5vCpwqgyK7Gd7UGkjTjhEg7z3v9YbRVFcasxKh8pV64Q,47Z27EDte6KTXcdHCvGZ3oZoa39SNqa7NSqSzJYsbbWw,"",0.17634976525821594,0.13644366197183097,50.08333333333333,38.74999999999999,284,0.07546366018670966,0.23421650813775594,true,-0.015790047024267992,0.04520869781791878,true,34
HVKd2bgudV9HFFfng383zN6FK6rXUpziYX1YoxphkkPw,3KnQPzQFoL7NeL3eMKvSztMM4L2yV1HmjxGTXerhp7U4,"Caesar üêà",0.14384920634920637,0.12648809523809523,24.166666666666668,21.25,168,0.05693448611567396,0.2577850844656799,true,-0.024945444322807618,0.05436409511645841,true,21
3fHDpgV7GG2fRirqYNFvAUfH5BnbQnRYDqeJBpVFKm8s,FQ5Hc8CgnBBFT87QYt72SVVYGEk677fZHDKH1wX2TeQ5,"NeverBackDown",0.14375000000000002,0.12347222222222223,172.50000000000003,148.16666666666669,1200,0.0911469007231755,0.16517820016483498,true,-0.00012813080740305127,0.029546781601053843,true,230
UZBmptMjMSQEPKm4WyUkJeAuvZSqTuNK3cQCKFqJcXT,QodirbUG8AZQBWpHhPJPfjj1xg4AaQUZCVVtwT8YfPi,"UZB Validator - 0% FEE + Jito MEV",0.14621350364963503,0.12195863746958635,160.25,133.66666666666663,1096,0.08856890377518889,0.16564827511129843,true,-0.0008161460199884452,0.030234796813639237,true,216
FJN8ryNvkm3QAQufsjJmJ9eGPpK1D8hG4MawATqZfFhx,3uxsKdY45oPct1pUQM9SYy35LPjRmQif7FAU99T5QrmZ,"Lazy Llama",0.1297268907563025,0.10994397759103643,61.74999999999999,52.333333333333336,476,0.06574778699711928,0.17818301804827322,true,-0.008849118286294878,0.03826776907994567,true,81
EWVSb1db8iCNzbH3sejdo3fkYhZAUqwz1LTjWdaSd7Cz,CdVHBthnsGiEX53cAG2cHrwsfZseUsQNYTm6By6qno4f,"",0.1235665137614679,0.10913608562691131,107.75000000000001,95.16666666666666,872,0.07453317225152839,0.1570771729741828,true,-0.0026963880993412705,0.03211503889299206,true,139
HuxezmVRF3Dokr23jXmtUVoR12g4Cw1VCvwb8KAP9M4o,8DHFGo3fDB8GudbNLZEyExLzXQPwvY4twybPbxwDnffx,"Solidestaking",0.15014880952380952,0.10818452380952383,84.08333333333333,60.58333333333334,560,0.06706151757649148,0.1699314801831691,true,-0.007010486491290416,0.03642913728494121,true,130
FPwKd8WmeugZLZySCcr5RmqdVnQvJ5zRQRCy6tnkdLQF,7okgo2YWz8fgNLAHSmAFwqPF59GMq9QuTSFSzPkkVcq7,"Tokyo „äóÔ∏è 0%fee+Jito",0.11679292929292928,0.10732323232323232,15.416666666666664,14.166666666666666,132,0.040538574329763266,0.25490122427783907,true,-0.030027288305680612,0.0594459390993314,true,14
3aytWWQzNYC8DSL4ppv78zAEAVCBR745EozeoqNXmoLk,,"",0.14510233918128654,0.10672514619883042,33.08333333333333,24.333333333333336,228,0.0503718779721736,0.2120458093687909,true,-0.0193301336418285,0.04874878443547929,true,23
LytENd5zY8d2nG1o5r4oz1CX5oHv1W13HkMmPgo8MUg,3nYnW8z3Aum5U6HiVLJkR71rauWPW2hyvngye4t25rPt,"üõ°Ô∏è EverSafe | 0%",0.127859477124183,0.10539215686274513,26.083333333333332,21.500000000000007,204,0.04746959349097074,0.21782920785078902,true,-0.021276791747592234,0.05069544254124302,true,32
BEL5CeekyNyWdocqr2YXTVVvYwzeActXNGMPJhmvFVsb,AAhcGqPdM9WdjhVH6T4vAQLvoDFrYQqirkxCdvxoKhgp,"Freedom",0.12224061810154524,0.10264900662251655,147.66666666666666,124,1208,0.07344747296584994,0.1416852297829,true,-0.00007891854512009043,0.02949756933877088,true,140
5LqdfTzdPtnqTyKaduT2eRvtLgfGucVCJ3Gu1MmgtEq,J5L2z5rVWQHFeM8PzSSTnDedLrYgnK6WKxU4X8hh4qry,"AnyPool",0.11401757188498401,0.10023961661341853,142.75,125.5,1252,0.07184577241153073,0.13818421419437904,true,0.00018326288970516198,0.029235387903945628,true,129
Bkucd9XTD2geqNsgcbMcqsSnLhqfHUuDvAUSGCXsJBdK,HVuzQEZtxQycpfJsLNAeykrqT2vLzKtUyKaAnNsnKy1A,"Solbase",0.11544421487603307,0.09891528925619834,111.75000000000001,95.75,968,0.0675348943356592,0.14264615589679286,true,-0.0018107640491983375,0.031229414842849128,true,125
9cDdzkrimGrsNVKKRtN2Q1ydBwDxjDtPGyyLRgnUYyAQ,H1ScoL1TosVSRvJgARRnMs9extCdXZRWdKRqY4H7k3ik,"Alex Validator",0.12157438478747201,0.09850391498881433,144.91666666666663,117.41666666666669,1192,0.06979154194677692,0.13728528495909476,true,-0.0001778376675881932,0.029596488461238985,true,123
6e54R866P9Y3k1Bq6Qei3gXCSiyFFqwq9mLhNKJKunk6,,"",0.10890151515151515,0.09659090909090909,19.166666666666668,17,176,0.039481393978172186,0.21759484456191364,true,-0.02403371854883582,0.05345236934248661,true,8
pidrcoD3t88h8MzJU2EACHL8A6iMoQqwueXPA8KLwUS,Hoo2PaowEdA1owJ4t6uJFGdSbgyWV5qGYRtTVChHgw3x,"hoo2 Validator 0%Fee+MEV",0.1088755707762557,0.0874714611872146,63.58333333333333,51.08333333333333,584,0.05179360420635367,0.1439937192374682,true,-0.006559507029172977,0.03597815782282377,true,63
GiGa4gzsvLHmtPdN4MXFnr5U8cRbxS2FoVkZ8xq2uus5,CHED2jBWgvh53kd6fbdbqhZFipUE8VdF7orQr8dz22HQ,"
Gigacheddyson ‚ö°Ô∏èZero Fees",0.11033950617283952,0.08584104938271606,47.66666666666667,37.083333333333336,432,0.04644735994969806,0.15327538893089082,true,-0.010019768276888682,0.03943841907053947,true,53
6iTpVEx7Ye6wvvrnXBLf6FPhENrCu8mKGswzhem2pJ1m,BCRg6hEiLbrdgaTUbUbuz8deDcbyCgP37fCBMGqNhhq7,"Vesper",0.08596345514950167,0.07371262458471761,103.50000000000001,88.75,1204,0.04941211900834874,0.10859863105826845,true,-0.00010346336523308665,0.02952211415888388,true,104
Ayk5TSNbnjQn95BGnz4ugkcm1kAtEwGcK1jRYmqrYvKN,3uvqr8aX2fS3W9XHdud5avRGbUtY9uswBGmr9S2N7uF2,"Dark",0.08420658682634731,0.07322854291417165,112.5,97.83333333333333,1336,0.05002465908032248,0.10599461793126022,true,0.0006473334782627176,0.028771317315388074,true,75
idLi1KLjkzEmLvzdB756HweHRmpuC3AGkGnK2zhWJ45,LigajjQqkEj6VwowzP8VjmP85qQmkmvmbM1LUWazaLQ,"LigaLend",0.0840174129353234,0.07176616915422886,112.58333333333336,96.16666666666667,1340,0.048855263279521874,0.10424371024820094,true,0.0006683372120453827,0.02875031358160541,true,91
A8vNkfP4Rv6msJyuXgwvUSUUu5vPfLxMJB5ddNkHaCGJ,HC1NSDR9cbBeQ8V1XJ62VNceUAbjGdnCcH7f5wVFVZw3,"Maslenok",0.07270408163265307,0.06887755102040816,14.250000000000002,13.499999999999998,196,0.02526614118226507,0.17430458329871384,true,-0.022003857461462793,0.05142250825511358,true,5
Bat6DHawBwy8k4fqsrgkSMb33UWWCDyiXH9AUQBrWiGX,GCUWGuMnmtMv3BFMx8EmeWxst18sihXxyU3skeNGTj8A,"Lemon Tree üçã [0% fee]",0.06597222222222222,0.06553819444444446,12.666666666666668,12.583333333333336,192,0.02323715158529531,0.1713366292865,true,-0.02238431511374573,0.05180296590739652,true,18
BmJrvjSqEnXC4wEAAQgscQMUWYjp9yTNW73nzZum4DmG,2LdPsE15gum8SDCExPHuhYz2Gx66gxaETQcUruDoavSv,"Sanderok",0.07065539739027284,0.06524317912218269,79.41666666666667,73.33333333333334,1124,0.04197271727979486,0.10006762884449209,true,-0.0006215487142511404,0.030040199507901932,true,44
5WgvknZoXna3Fm8qiAmi2D4sZg6u1iyCWNXWxhAc9p4B,b3d74rXdGgdw9XeqRWgAnm7bsZgg9mf5J5hjZMqKxRD,"RNT",0.0744047619047619,0.06391369047619049,83.33333333333333,71.58333333333334,1120,0.04089106516017027,0.098566474327697,true,-0.0006489008753574853,0.030067551669008277,true,63
7cvpkJPcvNX1DpkyYzP9vtKrLUr9xEjb8AxcBT56bnjS,H5oqciP46Ls3mJZu334niaKMcVWjsC7JKULLCZHxT8hr,"SOL STAKE 0% FEE+MEV üöÄ",0.06409235668789809,0.06073071479122435,120.75,114.41666666666667,1884,0.0426238635713318,0.08583978935502393,true,0.002867746201367923,0.02655090459228287,true,16
EKHuz3Ag7UtYrEeterGVFHwYWDn2d6aXjnAAf2d5edLh,23utbQdXgsucDPTVcaRQiTZMrKPhQ1nmg4iRNdHDNwTb,"Lis1",0.05951453790238838,0.056399273104880576,76.41666666666667,72.41666666666666,1284,0.036135945409208434,0.08699970145255136,true,0.0003654150795807873,0.029053235714070005,true,11
93fX4gLgnUkcf3vmGBzuNKEt4em2tHxgmVcbq9vNq4jE,BJipnsRJCxgcMoYc7Env7ee2YASTtwLuyvD23AsJ3E6U,"tenerifka",0.05922489082969432,0.054039301310043676,54.25,49.50000000000001,916,0.03156423491654843,0.09101358269705674,true,-0.0022732024834406592,0.03169185327709145,true,13
AYTzhcFH5JcPz71wRz4pV9iJu7cCRchD12q6fpx2fCtM,DKnZkpsqtS4kpFP5zWudrg8w9eCUHixJ2QCRtwwxh8Me,"jLbey J.O.S.S.",0.055989583333333336,0.05338541666666668,39.41666666666667,37.58333333333334,704,0.02884392158466561,0.0967279915675236,true,-0.004662196576005211,0.034080847369656005,true,4
3LKjD9Cb8RKKbmwM3LphHEvfZdjEU4rAFGDDUiVnuXhJ,56CMrsFGVrnXJ3PwNV935vFYhfCBdX9btYPnLPE1ATFH,"Appload üöÄ maximize your profit + MEV with 0 fee",0.054470486111111105,0.053276909722222224,41.83333333333333,40.91666666666667,768,0.029516199000864732,0.09430642087221931,true,-0.003837494858460166,0.033256145652110956,true,22
A31PGH4i5xGn7SHWpsQRhpBYUwanRuqNrHBp8bSeCSEr,EkLA4nA5jtM2t2FkNWo6XWAyvQyaJJUZoX5p7LMawoaz,"‚ùÑ‚ùÑ‚ùÑÔ∏è",0.05704099821746881,0.05325311942959002,42.66666666666667,39.833333333333336,748,0.029273169644082733,0.0949553876300899,true,-0.004083811361516721,0.033502462155167514,true,0
xx6jU8CRzoUCT2RNCoomRqAokWmvgVymxRKtyfvQ4CG,AqP3MyNwDP4L1GJKYhzmaAUdrjzpqJUZjahM7kHpgavm,"Zoe validator + MEV 0% fee",0.052154195011337875,0.052154195011337875,30.66666666666667,30.66666666666667,588,0.026421260251206648,0.10036598034825706,true,-0.006487040609215245,0.035905691402866036,true,5
9NPYTxizrasA4pjsnuQQBkgJYvgXp5zhzYk6jwYuVzmg,Hsk4q3CE6h7N4ryjMxX1ixUSaFrrAFZipu1w7p2ijokY,"Wexel",0.05449101796407186,0.05122255489021957,182,171.08333333333337,3340,0.03830222120898447,0.0681922090586891,true,0.005815740816517586,0.023602909977133206,true,40
9Z2TswRKvvS1d8YZVdgnJAZyqwwVUhk3QLp74J8pEmXs,GVQEm6h2UjDKhSU54kf7kFumJ5NDWddyYUtgy5eLCtBn,"A7J SOl | üî• 0% Fee ‚ö° [ MEV ] üöÄ",0.05481508165225745,0.05079250720461095,76.08333333333334,70.5,1388,0.03232344400646341,0.07895345769883697,true,0.0009132569613671329,0.02850539383228366,true,7
9j7JiFdRtcenL3dBgRQRaiS8khGaxSUozrCmKdAfnmjh,34oGkjDsb6mRwSbvw9xZDtR9URfVpRnYjvwZecUZUsHF,"CoinDataFlow",0.05230880230880231,0.05077561327561327,48.333333333333336,46.916666666666664,924,0.02921927531958162,0.08681286137945182,true,-0.0021995252254596604,0.031618176019110454,true,9
9Mo3ap3jpuqQpLi75EsiXLWfTr1cbBhrJNumoq1wnVp6,9K67smfw8hDXmtnR7uvP62WrKUcB7oZ8cvpsB1hmrCzf,"nga_validator",0.054882525697503674,0.050752569750367106,49.833333333333336,46.083333333333336,908,0.029063456084914386,0.0871743354423184,true,-0.0023478513174294575,0.03176650211108025,true,9
2VA3q6DbiLjbrLgnkiZ2fdyuRyVBkYRgqBDwA6qYiSDD,g4MMQmzT7182jBvyUebMvsgvNM3RVrVFFJd9tRjWXhf,"akexkuz",0.05373774509803922,0.050490196078431374,73.08333333333334,68.66666666666667,1360,0.03193945601951898,0.07893682121199319,true,0.0007719621573255252,0.028646688636325267,true,6
FUiUtbEoUVbtghgftxJwQackskGkW7MPbLFMQzHzsfb2,AvDxkBtVZgauCHTMLMUMFCG2GfnsN9zv2qXbrgAoWUmA,"üå¥ Solana Garden üå¥",0.055497198879551825,0.04971988795518208,52.833333333333336,47.333333333333336,952,0.02867555094232806,0.08485893833914239,true,-0.0019490098857103347,0.03136766067936113,true,23
DQCriUSqyokJw5gA7snLqXhscRc1a7wNdgkt2ZsmK7Yd,FSZ4GBucapayiQC8w1VNpKDmzM6NZDBSZmEFZsgMteRr,"Morpheus",0.05109739368998628,0.04938271604938271,49.666666666666664,48,972,0.028587180069501533,0.08399773814715789,true,-0.0017767370523173228,0.031195387845968113,true,0
9JdZLEKhA7k6SxRQ4cJT2Zh5JhRUBJGXcjTNwMtTwSiz,7r1g7s6UjYuosRCHwedpGRCbJhZqM2LhUPxgoayRE6Rm,"dreamstaker",0.05166942604856512,0.04932395143487859,62.416666666666664,59.583333333333336,1208,0.030174745756111763,0.07962767560805199,true,-0.00007891854512009043,0.02949756933877088,true,22
GdwLVjtBMZEXZiLV5iNnzSgunYmr1D4Fz2CDcEsT6HA2,DX3Rpy2drSHvwS85EEy29wH3LQG2ZrefoYqhroeJSzY7,"IN OTHER LIFE",0.05198317307692308,0.04917868589743589,43.25,40.91666666666666,832,0.027227298389211903,0.08724069474773316,true,-0.003109883121776633,0.03252853391542743,true,1
8S1VXBgZvCsjgnRAMvxknx5BKT7APb8rFhyRVeeTx1SS,DggvF7asrbjrqvcvPPRKovy3VVvjCgvc2GnWVusxq2MP,"Troix",0.05104501607717041,0.04890139335476956,63.499999999999986,60.833333333333336,1244,0.03006467874868207,0.07858386697745201,true,0.0001366301453289264,0.029282020648321867,true,17
E3uWZFRYyKuC78U1FaGNEvxKgbBshRmuTRQbWhe9eSFW,7teJuHhmHjCHDZiB2TEgdS5wFru4sRJB9JJR4wAQ8pM5,"Stake on me",0.05009920634920635,0.04880952380952381,42.083333333333336,41,840,0.027037191939082415,0.08655482748061898,true,-0.0030248267482145454,0.032443477541865336,true,12
8U1oTx4EvAgqesgaemAzpwrJsysUHEg8bBQ7Kdbp1W5X,GC8W2uHZ9UyrmgoDGsuFt322L18cRhsbKxWiZ579aLM6,"labas",0.05149647887323943,0.048782276995305164,116.99999999999999,110.83333333333333,2272,0.03399160800660324,0.06954543521084823,true,0.0039261688663808445,0.025492481927269946,true,12
2iXZmNQmmgE5ZeTQ1GMhhYGDqDr2BiqdEu3DbGJDo8MA,2ViVhbfV3uJb5xVBBBs4HZaoMK1M2WhHJB1sRDnp8R4o,"Pikachu Yield",0.051506514657980465,0.048317046688382194,63.250000000000014,59.333333333333336,1228,0.029524023186164185,0.07810965163874276,true,0.00004200125978169253,0.0293766495338691,true,13
84Za5eXvehQLZR6Xqhe9WT6tTcCHTVjw3XU7GCbBRNfW,9KCBBdzx4cGZg14YaqBuZd1tGUvo9ohYnW7KEqQes1E1,"Not a potato + MEV",0.04988888888888889,0.047888888888888904,149.66666666666669,143.6666666666667,3000,0.03485983430429659,0.06545735464292926,true,0.005325294139153728,0.024093356654497064,true,35
XRAYzQwAcSqPt4T78ibJAUPmz9rjsqkWzCxmXHv3nir,9mB171rzHzYFJTSoLBEDTX4ZvzzyWW2mtBBJovy1qD2E,"XRay üåê 0% fee ‚ö° MEV Boost",0.0474537037037037,0.04734848484848485,37.58333333333333,37.5,792,0.025539288945066872,0.08613535630761548,true,-0.00355432066836491,0.0329729714620157,true,4
yJeahQNRHNWtL9Z1SqPX3SBwTYXr5ECMYYVK4uYVwxt,J4pH3yiFrzFG1AQPRGBJXo3HP72MCZwsQamtp9ym4LwN,"Dosirak üá∞üá∑",0.04928482587064676,0.04671952736318408,158.49999999999997,150.25,3216,0.03424339660486235,0.06344256781627586,true,0.005645906496167381,0.02377274429748341,true,12
9bxGPEvFjGHqpAHMkm97R5d8euFnpJ3ws83tMkTbcBUJ,CqSMzh8DWZeqYVa5M1V1rHU825T19NCjYipM3pkdHncm,"Please, restake",0.04654947916666667,0.04638671875000001,23.833333333333336,23.750000000000004,512,0.02146659825528873,0.09735780650642065,true,-0.008005797591457234,0.03742444838510803,true,0
5TqMpx4wDLRn7qNaNxJ1bsznrqAhF9meoxcpdY2Bc6Es,6minRorGYiA5aEeDvXL1Usat6DCdaF46owL3oANVQ8uB,"skill",0.04797400611620795,0.045967125382263004,125.5,120.25000000000001,2616,0.03248218812467651,0.06467608750531717,true,0.004660132024376068,0.024758518769274724,true,39
4JryygoiM1j324fYkeBzcQDcwRfd2WpgkEzUePFj1rJY,8ge8UzG9FyW4NDZ6zzZiUypnbcNQ3nUfTBKndxsmWqSB,"Legioüî•ReZero | 0% (fee+MEV)",0.04825552208835342,0.045808232931726915,64.08333333333334,60.83333333333334,1328,0.028149743897675546,0.07370390313685027,true,0.0006050416777537392,0.028813609115897053,true,4
4VmboVWgpQKM9hcULoYjNdhrDsy8JDD1S6uxuU37xEBE,6wrzzX8hhhwY8NVtZWJqYJJfqnkDiFq6qTZEKLv3SjZk,"DeepSol",0.049812030075187974,0.04542606516290727,53.00000000000001,48.333333333333336,1064,0.026328950185478407,0.07727550636925373,true,-0.0010478822848597174,0.030466533078510508,true,10
HLv4d6uhQ7ViicNQ1ff6RHNNntNzmq1bATLne2kCW5VV,ELvd1ayPGicuX9yBNr6tn3V3BUCa12Cme8FDdghcmskf,"Nelly",0.04786036036036035,0.04466966966966967,21.249999999999996,19.833333333333332,444,0.01928024258893008,0.10008153195318303,true,-0.009683302344802079,0.03910195313845287,true,0
34C9C4zhnjbExNcYzdYZyPccMAMdsfqKLDS5jkqcbUow,6h4mhExruKD3zp7FLFU6ZDK9yVqoLHHdKVGpGXcauveT,"fraybe",0.04683806146572104,0.04447399527186762,26.416666666666664,25.08333333333334,564,0.020989862886296826,0.09176999381750973,true,-0.00693332883397626,0.036351979627627054,true,7
CfXY2KyS6PvGW3oeSb7NCFZcswRZp2FAJY9E96hCvvVp,8wEfU2LDRFTJf57fv1FutTkp8LEW7cR2m5L7ZNNXXMCT,"AFK Validator 0%",0.051028481012658236,0.044435654008438824,64.50000000000001,56.16666666666667,1264,0.026771713736981572,0.07288146487878751,true,0.0002523801534047368,0.029166270640246055,true,15
HLXxkmjb47spcmbbKi3UCfZ2qmFY29t8MN562AEmh2Qh,HLXktVmNFeELB5uL5nrpP4WL7jyi3TMyekxASVjDhZ1t,"üß¨ HelixNode jitoMEV 0% fee üß¨",0.04611438550534819,0.04397238594193407,281.66666666666674,268.5833333333333,6108,0.03484334811486301,0.0553560706604568,true,0.008132738559957213,0.02128591223369358,true,34
7AGmaR23EUZFsxuyJ8VNUUPb7dzqY41uh9Tsjq7fQGVr,FqavJAnX2ioPssR7NkZnSU65fVLCr3AgnghuBKfSnePE,"üíö Mason üß°",0.04532828282828283,0.042676767676767674,59.833333333333336,56.33333333333333,1320,0.02572404866351234,0.06999901204851806,true,0.0005623659865236618,0.028856284807127132,true,10
9HiuHYVDnoQz7xdL2NFmZdv6S2jYNUQxGg7taDwrZ3gy,GwT72fNWtBrFa9GsBru2kPso1NEw3AnzrjPwprVAv32X,"üåÄ SolWave 0%fee +Jito MEV",0.047399328859060404,0.04229586129753915,56.5,50.416666666666664,1192,0.024778559958784113,0.07129178406920499,true,-0.0001778376675881932,0.029596488461238985,true,1
G2TBEh2ahNGS9tGnuBNyDduNjyfUtGhMcssgRb8b6KfH,F5b1wSUtpaYDnpjLQonCZC7iyFvizLcNqTactZbwSEXK,"AG 0% fee + ALL MEV profit share",0.04454833875390601,0.04212103819909444,931.4166666666667,880.6666666666666,20908,0.03703948868663591,0.04786508674044,true,0.011154700099128759,0.018263950694522035,true,71
9Hk5RS6H7io9y2mcNBPFa9BBVnMuiNgGSHxrF7iNsNws,3JadNLK7V9NNzC9a1jRAZQXExT7mBtBhcjCaaaRE7B3R,"Abyss",0.043145956607495074,0.041913214990138066,29.16666666666667,28.333333333333332,676,0.02063885305025237,0.0832528536848489,true,-0.005059311526868246,0.034477962320519036,true,10
6122X5K3mo8QMwXZW6wnP2n1j2wQoa1Ks21Ckwj7L6st,Lf3iQuTNKqJoBdTCWJmX1YRKBc3TC4B3YZdfzidRN93,"üñ•VVS",0.043093607305936074,0.041523972602739725,50.333333333333336,48.5,1168,0.02407453202888973,0.07070462977990769,true,-0.00033001023951838467,0.02974866103316918,true,11
3z6PJ9F4Yk2vAFGzCV6cQ9MLAJfHcGtLD3rDmuim3G2g,AShjuYEE1bTBar9HGJehw3FgzibJuVwuP846guzbjRPM,"Robobo",0.04344919786096257,0.041443850267379685,32.5,31.000000000000004,748,0.021031775695390966,0.08004671351670245,true,-0.004083811361516721,0.033502462155167514,true,15
8rWDbEsuz4UWF2ZXiHhMECPkTZm51YrRaQSoSz8RPz2H,8ZfSRfAuDLV86PaKSCNfgx3AU1w6Hp8sGrEgFTkHViCt,"PixelStake",0.04286858974358975,0.04093215811965812,53.50000000000001,51.083333333333336,1248,0.024057188361552847,0.06880953889598691,true,0.0001600025665486303,0.02925864822710216,true,15
FEtkEYC16YG4ANgohvGUhobZMTSKmNKJc5h8QvpRazrA,C6o1toH7rriz2DocmgTw6JzFbJdLpQ9w2QsjeKQQinfZ,"‚ú® Starfire [0% fee +MEV]",0.042602295409181645,0.03948353293413174,56.91666666666668,52.75,1336,0.02339452846564096,0.06589081531929258,true,0.0006473334782627176,0.028771317315388074,true,6
Mwz8VgAEnPtfqS62r3ixrFiMJwnNfEwR141CGnsTo5k,A11pGbZDE8fPNZgiqDjoST6v3QMdhzZ3r8W5YahCKtS5,"Rain WorksüíßMEVüíß0% fees",0.04019953051643192,0.039084507042253525,57.08333333333333,55.50000000000001,1420,0.023457985151578736,0.06443378485696767,true,0.001069591395895967,0.028349059397754825,true,12
4FozAhZhAo8ZTuzNHeAHMDDLqWmRwioWBhFqybZYHamV,FXbkkbLWH4PxSK8t1JmKAHn4pEvGsCFyMT7pfgwm62us,"alexar",0.040420819490586936,0.03827519379844962,48.66666666666667,46.08333333333334,1204,0.021874318407351743,0.06614154678089364,true,-0.00010346336523308665,0.02952211415888388,true,2
Ff5CpTFzrGag9RzJBkGjeZGczzzGTNwhHSkyzQAbXJGC,BmCLQofhV75owwSAbhZhvQtRRcCaftKUwNfnGBv41QEg,"Forhayley",0.03972630718954248,0.03819444444444444,32.416666666666664,31.166666666666664,816,0.01940622293195393,0.07380351990910057,true,-0.0032837331753834183,0.03270238396903421,true,5
5yRbBQY5ZKe7VcuuwCS8wVvMfcq41gNctbdhK781Joep,25rtQR4h9BQKMcU6a1DxpZjB27dwcRUAdVb9binerD9E,"üêæ RED FOX üêæ +MEV",0.04316939890710383,0.038183060109289624,52.66666666666667,46.58333333333334,1220,0.02188587814983765,0.06579945371259499,true,-0.000006009749585998703,0.02942466054323679,true,4
FzaAiLVXh6xXAFCfJNfBVQVYJ884zWz3LZVVmC8iRgdP,AaxfteYTX2ftBRQfW1x6FiC8wY5dCJYgsPr8JwwMUuPZ,"ü¶ã Butterfly ü¶ã +jito",0.041231343283582085,0.038121890547263684,55.24999999999999,51.083333333333336,1340,0.022395602498932604,0.06416641846975712,true,0.0006683372120453827,0.02875031358160541,true,12
2dxz129YxB1xtf7Mx6HUT5JspexArNNtQt84FYueWZV7,5RCD4pZcKH3NHN4XHxvsnVAawSaConLgsZbreSN5dXpZ,"NeNa üåª",0.03935795954265611,0.0380386983289358,59.666666666666664,57.66666666666667,1516,0.023045446899509506,0.062165780886074704,true,0.001508518674883096,0.027910132118767694,true,5
CpdzCVzaR9gjFymmEVE8xHboJFHaDnimRZ448cMBs6Rn,Fy6zNoZ1eCPpQX3JXeQ9Yd1HW1BFL8rrFmDvYYDnuxjT,"Anti üî• 0%+JitoMEV",0.04106377277599142,0.03684351554126474,51.08333333333333,45.833333333333336,1244,0.021019846244420128,0.06380285128312532,true,0.0001366301453289264,0.029282020648321867,true,6
GVkVZ5yzu1Ukfng1GPfipg1fG6S9hF4z2Uwcn6T7WWeC,8CKQeLWLkFXD9kg2U4y238i4eQrAxsoVtNA1dAtysbfJ,"üåê Crypton | No Fee +mev share",0.03974358974358975,0.036666666666666674,51.66666666666667,47.66666666666668,1300,0.0211431940247379,0.06285570747417402,true,0.0004539585819437718,0.02896469221170702,true,7
2zAbHUpE4MRgEwq1MWh3i9aJyzazSjUUPrmhNViqQn5W,ESjX2jRuvdr2a47JfEKjP24gNsgreE9PvSpkw4t5Xn2M,"valer amor",0.037117903930131,0.03620815138282388,34,33.16666666666667,916,0.018764895448521605,0.068730354285089,true,-0.0022732024834406592,0.03169185327709145,true,1
7TYbdqaFpHbLUWBe6fTc19XPweUMN6fB3GBW3TzZWu1i,7YCDRyGNn8g3WgZg25JLB9wKuERMkj99AFc8zHAQVwSt,"Steel Nerves",0.038226895119418486,0.035436137071651094,49.083333333333336,45.50000000000001,1284,0.02017173560031225,0.061526137148257845,true,0.0003654150795807873,0.029053235714070005,true,4
4VZbCgqLkuVH4rSzz8ugqPDz7uKcQRcB9un5aMkEAaR4,D5f7o3RH7wCqPRg4RCEiDfoNPFXGw1iJCnZJ1r2aktQB,"",0.039298330122029546,0.03458172768143867,163.16666666666669,143.58333333333334,4152,0.025131004224833366,0.04741362132443271,true,0.006732659524238694,0.0226859912694121,true,86
7MPEbHAzihWSCw96U9e4yv3JTp9PrWaTvDhfqyDQKGWo,36ExtPWGy6yWfiVTpBt3R2qNATHJFvrcDJqEAMMwqkvh,"",0.03979832104832105,0.034423628173628165,129.58333333333334,112.0833333333333,3256,0.023990388852002595,0.04916564021609128,true,0.005701750643963117,0.023716900149687675,true,39
B4sWdYeZEtFh1nbgkYFAPhz6EcUoNs9NBPjakpMjjxNv,2hcC4jcHk99ozzhiMXNSeqN55LkywXrnYG3wRTfgYTtg,"",0.03888160768894714,0.03429445172564439,118.66666666666667,104.66666666666667,3052,0.023603331577222237,0.04958220272824945,true,0.005405580186110696,0.024013070607540096,true,22
4rTLYrDCcSuJFZbtzd4kH2DA6VHHh4oKaDZjSrKHGCxx,EArQ62dRx9zo2XUK6iBnGjsR8zjgRbFom47QrD8jnmQk,"",0.038306451612903226,0.03393817204301076,66.5,58.91666666666667,1736,0.020656873219973504,0.055276683630875664,true,0.0023733011973499345,0.02704534959630086,true,87
3Q8GcTR6gUpFjSwjRuN6Bqy73xuJQHPKceuoDq8v18DC,4ZxDeRyvhXi7Bc23qPFkeZptzE8J54eimL8phVPN5AXa,"IT-SRV Group",0.03800975177304965,0.033798758865248225,28.58333333333334,25.416666666666664,752,0.01599802447332972,0.06999712881613022,true,-0.004033762972371598,0.03345241376602239,true,1
CNRyYnXZjryxNdSUwztdmVFVuQPXvugQ1d2wtRTjjTb3,CCknLtNpJWNzq2cBrwqYxXR9oguZmaXtoMQQQDCec2xY,"‚ö°GorillaSol‚ö° 0%Fee+Jito MEV",0.035462204007285975,0.033640710382513664,51.916666666666664,49.25000000000001,1464,0.019559628300612406,0.05726674266635681,true,0.0012761237285952194,0.028142527065055573,true,22
4rXCssbNbfGjPH727pBJXix3DPy47PN3ZVGMERdZQQ3D,GbC2vzt6S2HsUAJ46Qfh3aoG6oB9y3V4T7XD7914K5na,"Nexus üîó [0%]",0.03704448017148982,0.03336012861736335,46.083333333333336,41.50000000000001,1244,0.018497203382282074,0.05944247133233778,true,0.0001366301453289264,0.029282020648321867,true,2
5CfFhpErZrKcrDLQtB7R9V66cAvQkcc6NmMPeA12vDgS,4mUZWLYoo16fe2S2xZ1DdXZHBxynRWBAf3prokBQsxac,"üîÆ Oracle 0%",0.03711928934010153,0.03315355329949239,58.500000000000014,52.25000000000001,1576,0.01957635002018626,0.05561310719842617,true,0.00176224137260389,0.027656409421046902,true,0
9En7phqF64JLUgiYo4zWP1Hht8RHAoYxMk14Lhv3dq2c,7wEZ2S26s5dvEM3h87pp1KyrEfpUJKXr6GZ9ntvmv122,"",0.03567708333333334,0.032391826923076926,148.41666666666669,134.75,4160,0.023293378820537464,0.044880845240265144,true,0.006740333086257903,0.02267831770739289,true,90
A8hjiaJDBYGovqnSZ2Gm2zZg2PVaAyW6NfatMajXpuyx,5wZc6LkEaFTPi1Bi3kaEB5DEqmWKtmEWgXKR5RTZJ89f,"",0.036115034526051484,0.03207391713747646,153.4166666666667,136.25,4248,0.023105688527489496,0.044364985090355594,true,0.0068233063977854135,0.02259534439586538,true,73
2EutAcbv7T8it6PfPQ7HbK2KFMnMC6anwkX6C3RifE5M,3JFt7NBHuz7bR1wbWVKgGLkZx9QPwnkuW2sx2nREgbbr,"Sugar Free 0% üçπ",0.03830183276059565,0.03178694158075602,44.583333333333336,37.00000000000001,1164,0.017031899757433838,0.05856298659585764,true,-0.0003558288604759829,0.029774479654126773,true,4
9uq33zo3ZeLeyzBShJPjNxBr1CosTXNkGVGaLH8vQ7ex,1CsAW6GED6KuxT6XY7V2mSWtykPueF4CigpVhYapHXm,"",0.034949788583509514,0.031778541226215644,132.25,120.25,3784,0.02241595575258158,0.04487214811451837,true,0.0063537856548187294,0.02306486513883206,true,92
5shQUBrBUAfspQWcJhjcFYAuAcM8H53r9sDCF3mTcV4W,8mzuvcZsWFgvG78fCC8ECwwyrSpMRN7rTLhBmGyaeoap,"",0.036178601875532825,0.031116794543904522,113.16666666666667,97.33333333333334,3128,0.021115640268193837,0.04563404056636618,true,0.005519300226074933,0.02389935056757586,true,115
7X3GknHXAQ6dTEJ6srDTTLkt6g7pUNTcJKjshYNwzG7h,3yNMX6UpPT3dRSkxKGMc5Vki3j4CvbvHPLe6Wmr4rXSX,"",0.035075589970501475,0.030950405604719764,126.83333333333333,111.91666666666667,3616,0.021554497905813805,0.0442568603435088,true,0.006161889307634415,0.023256761486016377,true,155
44ZDKo96gQR1h2afAA3oXgutUzHcRXH72RYxhtGxzWYk,FsMucSM7B5y5PtehabtQJjDrGmKcMEtwvt1TpSjDrcZW,"MIKROTIK",0.03206989247311828,0.030940860215053767,99.41666666666667,95.91666666666667,3100,0.020936444358348814,0.045503669878909796,true,0.0054778901829475035,0.02394076061070329,true,5
65vKarFFrY3FKDqxnjgkEBVAxeAPtAgMg4X77XLzH1L8,f4ucVoumj9DJ4Ab5rtpVpwQUS2m4798JZT1HUmEq86q,"",0.03601968376895773,0.03079622458857697,148.83333333333334,127.25000000000004,4132,0.02193168617243203,0.04308587278258834,true,0.0067133782152943265,0.022705272578356465,true,67
DBhUvN3R8qMC8gfTJvjwtgn1y41sN4G87ERHJs7UQcTd,FFtxperdjsVboFKQdXgsyat8gvuAi87Y8arFTh7f5w33,"",0.03549968374446553,0.030479127134724865,74.83333333333333,64.25000000000001,2108,0.01893089005915996,0.048722174801432344,true,0.0035145658489239544,0.02590408494472684,true,8
YwaFsxZmHTTbHd4KAoxqRbz9mj1HkNAVFtoPA6GHWB9,9KV7keQVrYdB8fEbnQLNNbx5wbnWNLT1FvRcBVTewYYx,"",0.03171129419842088,0.028814795743220056,123.16666666666669,111.9166666666667,3884,0.020061739537311135,0.04122619587659863,true,0.0064620506552550295,0.02295660013839576,true,71
5AsoSeQtLoN8eLsf3wKrR3LwxHME4sTBGR6dpTCP1k3H,uTnZDhnbiSV3TX2obj71nFPAm2aXy83mFTFYzaBRk34,"some name",0.029812206572769954,0.028579812206572776,42.333333333333336,40.58333333333334,1420,0.01573219043128536,0.05137178059986479,true,0.001069591395895967,0.028349059397754825,true,10
Fewnt6hngXYfmsdJMmDZowRw5dehG1zf1jcPGRZonV1k,FEnfQxYvCDTCX6KXssDJaNoS7E1CgCnTUQEGpd6mFVhj,"",0.03138888888888889,0.027222222222222228,56.5,49.00000000000001,1800,0.01579031602702379,0.046539262180957795,true,0.0025945931364079917,0.0268240576572428,true,9
FFUwLiyXe6Edpp4oGw5y4WTmWSZY34srkgHQxi7R5zHY,FrZFg51tqjvreAsWrzCkhL77cRR2xmhTWCUA4s9T5Kcb,"",0.02865980918306499,0.025603756708407872,64.08333333333331,57.25,2236,0.015454660452945345,0.042132559783664016,true,0.0038397101026438774,0.025578940691006913,true,18
RytnqUwbphphGcE9hkTmutkEsUJZcQ5MGQeT2G7eBsd,DDNbTVcWEFmCGP8yFbGdTWsB8evcF2Hcc2gSN9bFqudn,"",0.027300222858962112,0.02349968163005412,114.33333333333333,98.41666666666666,4188,0.0159644766409835,0.03446691625098405,true,0.00676701718231207,0.02265163361133872,true,66
7y5VhV4fkz6r4zUmH2UiwPjLwXzPL1PcV28or5NWkWRL,HxRrsnbc6K8CdEo3LCTrSUkFaDDxv9BdJsTDzBKnUVWH,"Haus ‚Äì Guaranteed Best APY & No Fees",0.02036290322580645,0.018948812724014337,606,563.9166666666666,29760,0.016109497600380114,0.02227722921385146,true,0.011729892493080247,0.017688758300570543,true,68
4mtXJ5pUcMMB4t8cLbi7zfDJCHfYLRrQb4qSLmh57sKL,94qeNkhspb7DjuqNPcGUgVcnnsNuibGYuqNTvm9FnX9m,"",0.020084993882188432,0.01850091767173571,306.41666666666674,282.25,15256,0.014708920439949247,0.023247435816636203,true,0.010548018626262718,0.018870632167388074,true,177
Weighted avg Sc_p,0.01345,,,,,,,,,,,,,
Weighted avg Sc,0.01471,,,,,,,,,,,,,
Global stdev,0.13211,,,,,,,,,,,,,
Slot count,6048001,,,,,,,,,,,,,
